title,firstName,lastName,dob,citizenship,email,username,password
Rev,Ferd,Tanguy,1994-03-09,Japan,ftanguy0@dagondesign.com,ftanguy0,fPHbk9
Ms,Poppy,Trickett,1989-04-15,China,ptrickett1@163.com,ptrickett1,noeW98i2Y
Mrs,Arley,Fairlam,2015-03-10,Kazakhstan,afairlam2@sakura.ne.jp,afairlam2,NyLjPd57enl8
Honorable,Francine,Browne,2022-11-10,China,fbrowne3@rediff.com,fbrowne3,QgCRz1KGW
Dr,Cyndia,Kimmel,1980-11-16,China,ckimmel4@usnews.com,ckimmel4,9imWrnF
Mrs,Debra,Bernardy,1989-12-25,Poland,dbernardy5@liveinternet.ru,dbernardy5,aBmEtN1uZm
Mr,Ellery,Akess,1996-06-17,Philippines,eakess6@webnode.com,eakess6,595XqHRg
Honorable,Imelda,Stillman,1980-07-04,Netherlands,istillman7@mit.edu,istillman7,1tFapEb
Mr,Patricio,Hugues,1966-02-21,Portugal,phugues8@tuttocitta.it,phugues8,5rxWpyrHCz7
Mrs,Andras,Sprowell,2022-12-27,Indonesia,asprowell9@cmu.edu,asprowell9,IKxzfA
Rev,Willie,Beekmann,1995-09-28,Nigeria,wbeekmanna@xing.com,wbeekmanna,5FRjwQ
Rev,Genevieve,Charles,1989-09-15,Portugal,gcharlesb@netvibes.com,gcharlesb,cSp4pRc2d7
Mr,Donielle,Breslin,2021-06-06,Slovenia,dbreslinc@google.fr,dbreslinc,lKAlyaoDL
Mr,Allissa,Moberley,1993-04-19,Philippines,amoberleyd@hibu.com,amoberleyd,C05GQHnlpQJ8
Honorable,Oona,Sutterby,1985-11-29,Philippines,osutterbye@live.com,osutterbye,kTSCRqA1
Dr,Gerome,Copozio,2020-07-03,Philippines,gcopoziof@sogou.com,gcopoziof,AI6R8PeW
Mr,Rollie,Le Brum,1972-09-28,China,rlebrumg@amazonaws.com,rlebrumg,2IFFlJ
Ms,Viole,MacCostigan,1972-06-01,China,vmaccostiganh@bloomberg.com,vmaccostiganh,qcdHiFui
Rev,Bliss,Vooght,1976-01-16,Albania,bvooghti@japanpost.jp,bvooghti,dLg1GPFP
Mrs,Herold,Lowry,1974-07-11,Sweden,hlowryj@flavors.me,hlowryj,4cYKhXEial
Dr,Robena,Cleevely,1972-09-21,Philippines,rcleevelyk@blogtalkradio.com,rcleevelyk,Q2DoYpX9kK
Mrs,Kristofer,Beglin,1990-11-20,United States,kbeglinl@linkedin.com,kbeglinl,rJzShiekKYJq
Mrs,Salomo,Grealey,2019-06-01,Philippines,sgrealeym@pinterest.com,sgrealeym,HlFDXf5SPP
Rev,Guthrie,Petroff,1964-01-30,Philippines,gpetroffn@telegraph.co.uk,gpetroffn,O5zidgTohrQi
Honorable,Madonna,Dyment,1962-03-11,Albania,mdymento@cam.ac.uk,mdymento,HG9Eakk9wiO
Ms,Cassie,Brewett,2008-03-26,Philippines,cbrewettp@google.cn,cbrewettp,R7SZO8
Rev,Eli,Lohde,1977-07-27,China,elohdeq@sfgate.com,elohdeq,WHrxzVz
Mr,Henka,Bunten,1977-04-06,Laos,hbuntenr@wufoo.com,hbuntenr,Y4CswSUC1UC
Honorable,Hamid,Mayho,1999-10-24,China,hmayhos@patch.com,hmayhos,kcQl6gSwapl
Ms,Janine,Tarn,2018-12-24,Bosnia and Herzegovina,jtarnt@usatoday.com,jtarnt,l08dLmjZK2
Rev,Devlen,Hulle,2016-11-26,Philippines,dhulleu@go.com,dhulleu,plX3C0cd
Mr,Gerladina,Philippon,2003-08-07,Brazil,gphilipponv@twitpic.com,gphilipponv,LtUE9d
Dr,Casi,Center,1991-03-23,United Kingdom,ccenterw@npr.org,ccenterw,NH4AmZdhVvvM
Ms,Gannie,Gaspero,2022-03-04,Greece,ggasperox@g.co,ggasperox,z1mWA587
Honorable,Jillian,Bellerby,1969-02-20,China,jbellerbyy@purevolume.com,jbellerbyy,mKuDHeRqNfI
Mr,Lindsy,Pally,2012-01-06,Russia,lpallyz@google.de,lpallyz,1pe1EvqCob
Mrs,Allie,Adhams,2004-08-27,China,aadhams10@howstuffworks.com,aadhams10,y8639u
Mr,Eirena,Ornells,2017-05-29,Portugal,eornells11@ucla.edu,eornells11,ibuXXzchx4
Rev,Marco,Bampton,1992-07-26,Indonesia,mbampton12@msu.edu,mbampton12,piYzuucX
Honorable,Charlene,Sabatini,1971-04-05,Luxembourg,csabatini13@addtoany.com,csabatini13,Ogv4bQ
Rev,Mina,Benini,1985-05-17,Portugal,mbenini14@etsy.com,mbenini14,4jJBom9Ej5GD
Dr,Rodge,Kohnemann,1967-10-12,Thailand,rkohnemann15@gizmodo.com,rkohnemann15,WxqjnEhLhl
Mrs,Rasia,Essex,2002-01-07,Syria,ressex16@chicagotribune.com,ressex16,6GfiOCXyHGE
Dr,Blanca,Blizard,1985-08-23,Indonesia,bblizard17@360.cn,bblizard17,lQ7f7wcV
Mrs,Ogdon,Martlew,1992-10-03,United States,omartlew18@stumbleupon.com,omartlew18,SaSvNfez5gkI
Mrs,Renee,Winstone,1960-06-20,Jordan,rwinstone19@independent.co.uk,rwinstone19,yVtom0MQAEd1
Honorable,Lark,Grimestone,1991-02-20,Sweden,lgrimestone1a@twitter.com,lgrimestone1a,jd8EPKtU
Honorable,Beale,Bruyns,1982-05-19,Egypt,bbruyns1b@123-reg.co.uk,bbruyns1b,LtILWoYxv
Ms,Upton,Baythrop,2017-07-10,United States,ubaythrop1c@linkedin.com,ubaythrop1c,84cVJOzD0
Dr,Cos,Planke,1975-08-02,France,cplanke1d@webs.com,cplanke1d,2c1yzPGS6
Mrs,Jorgan,Malinson,2004-11-24,China,jmalinson1e@acquirethisname.com,jmalinson1e,15RxBY4h7
Dr,Dorry,Lount,1971-07-08,Peru,dlount1f@google.co.jp,dlount1f,AuBhnfd
Ms,Dedra,Whyatt,2016-04-08,China,dwhyatt1g@smugmug.com,dwhyatt1g,yDXc402jPD
Mrs,Jenifer,Clarke-Williams,1995-12-09,China,jclarkewilliams1h@netvibes.com,jclarkewilliams1h,ndxjSbB5
Mr,Hermy,Sparham,2002-08-26,China,hsparham1i@disqus.com,hsparham1i,sfyl4gul
Mr,Randi,Schuricke,1979-05-02,Portugal,rschuricke1j@cafepress.com,rschuricke1j,mCRtFyW
Ms,Ronald,Ollerhead,2021-09-09,Indonesia,rollerhead1k@ebay.co.uk,rollerhead1k,YroF3L3OdSs
Ms,Lewiss,Flack,1999-03-02,United States,lflack1l@cnn.com,lflack1l,YDdtllz7Dbg9
Honorable,Annmarie,Moulsdall,2004-03-13,United States,amoulsdall1m@jalbum.net,amoulsdall1m,PULvnvDR
Rev,Howie,Sayle,1962-05-30,Indonesia,hsayle1n@meetup.com,hsayle1n,8d6boalA
Mr,Lyssa,Ivashin,1986-05-06,Sierra Leone,livashin1o@mapy.cz,livashin1o,W6FqCdcnmCGO
Rev,Doralin,Francom,2011-04-16,China,dfrancom1p@wisc.edu,dfrancom1p,nO9vgSP
Mr,August,Martijn,1985-04-23,Japan,amartijn1q@epa.gov,amartijn1q,rM4byNZmJ
Ms,Esma,Crass,1973-06-19,New Caledonia,ecrass1r@ihg.com,ecrass1r,9h4TjO
Mrs,Johanna,Carsey,1985-06-14,Finland,jcarsey1s@marriott.com,jcarsey1s,rceeie8
Honorable,Zita,Seamarke,1990-12-16,Portugal,zseamarke1t@ca.gov,zseamarke1t,ZxQHXpfwB
Rev,Pierrette,Ferron,2014-09-25,China,pferron1u@photobucket.com,pferron1u,MxFdLzxY7eG
Mrs,Conny,Raise,1969-08-21,Sweden,craise1v@uiuc.edu,craise1v,MN7oEsvNipc
Dr,Andeee,Simmens,2012-03-10,Ukraine,asimmens1w@techcrunch.com,asimmens1w,RlSJlsSPS
Mrs,Wakefield,Duffell,2016-03-19,Serbia,wduffell1x@ed.gov,wduffell1x,S3BZreC3r
Mr,Basilius,Lacroux,2019-05-07,Philippines,blacroux1y@china.com.cn,blacroux1y,MmkOnrO
Honorable,Isidora,Berkley,1994-04-23,Sweden,iberkley1z@ted.com,iberkley1z,tevGhi1CsXX
Honorable,Marven,Bourdel,1994-03-19,China,mbourdel20@un.org,mbourdel20,pN95XAbeQk
Mrs,Tomaso,Hurlston,1975-04-25,Norway,thurlston21@go.com,thurlston21,QPvXnf
Honorable,Mychal,Jarratt,1987-08-13,Afghanistan,mjarratt22@springer.com,mjarratt22,niXj8D4s8
Rev,Jenica,Thundercliffe,2005-04-22,Philippines,jthundercliffe23@studiopress.com,jthundercliffe23,6GYqpxj98
Honorable,Clary,Lind,2005-08-07,China,clind24@craigslist.org,clind24,ADqjNtHe2OC
Honorable,Edvard,Anglish,2006-01-16,Poland,eanglish25@java.com,eanglish25,PrbREqXpwhbA
Rev,Edgardo,Teresia,1964-08-03,China,eteresia26@time.com,eteresia26,IgPst1s9wT
Rev,Olva,Dyte,1973-02-28,Indonesia,odyte27@plala.or.jp,odyte27,4bt9ziSwf4e2
Ms,Glennis,Laugier,1987-04-17,China,glaugier28@ebay.co.uk,glaugier28,wYF1Wv
Honorable,Koo,Rosenthaler,2012-08-01,Mexico,krosenthaler29@yahoo.com,krosenthaler29,iAh5YvOMoY
Mr,Bea,Wallage,1979-05-19,China,bwallage2a@narod.ru,bwallage2a,Vm3jcywc
Honorable,Isac,Perry,2021-08-27,China,iperry2b@google.co.uk,iperry2b,kGyQYGjqO
Honorable,Margette,Kumar,1989-03-20,Canada,mkumar2c@ucoz.ru,mkumar2c,9KfRDhshNg
Mrs,Nickolas,Coaten,1976-02-10,Poland,ncoaten2d@youtu.be,ncoaten2d,2K2HGv8F1FAX
Rev,Nanny,Cocozza,1993-08-30,India,ncocozza2e@wisc.edu,ncocozza2e,lAsdVmP6PtJ
Dr,Bee,Brozsset,1975-04-26,Japan,bbrozsset2f@dedecms.com,bbrozsset2f,7nTf0hTaJO
Honorable,Jillana,Tissell,2008-02-15,Brazil,jtissell2g@dedecms.com,jtissell2g,jGmrdJU
Mrs,Al,Starten,2009-06-28,Israel,astarten2h@sphinn.com,astarten2h,IP4oMfR4Kr3
Ms,Myrtice,Necolds,1986-02-06,China,mnecolds2i@vinaora.com,mnecolds2i,d4rw35ZFu
Mr,Vincenz,Mendus,1965-04-18,Russia,vmendus2j@google.com.br,vmendus2j,b9EKY8nQH
Ms,Damara,Wetherald,1990-06-23,China,dwetherald2k@domainmarket.com,dwetherald2k,3hCxvcIUfz
Dr,Ricoriki,Duke,1996-02-19,Russia,rduke2l@biglobe.ne.jp,rduke2l,SeJzxKZqqa
Dr,Annie,Liffe,2008-10-22,China,aliffe2m@sciencedaily.com,aliffe2m,c79dTItdYoo
Ms,Theo,McCaughey,1982-05-14,Peru,tmccaughey2n@un.org,tmccaughey2n,PlNrbnMK8B
Mr,Anne-marie,Bolger,1997-02-20,Indonesia,abolger2o@businessweek.com,abolger2o,hGiRHhhzIX
Rev,Lynde,Topaz,2005-10-03,Russia,ltopaz2p@google.com.hk,ltopaz2p,UFlh6pN
Rev,Saree,Bendin,1985-01-09,China,sbendin2q@ow.ly,sbendin2q,Gss5tOGw
Mr,Sauveur,McIlhagga,1983-07-13,China,smcilhagga2r@t-online.de,smcilhagga2r,nhrdjFYU